Title,Current Price,Original Price,Old Price,Product URL,Ratings,Number of Reviews,Last Seen,Price Dropped?
"HP Chromebook Intel Celeron Dual Core N4120 - (4 GB/64 GB EMMC Storage/Chrome OS) 14a-ca0506TU Chromebook  (14 Inch, Mineral Silver, 1.49 Kg)",17990,32295,17990,https://www.flipkart.com/hp-chromebook-intel-celeron-dual-core-n4120-4-gb-64-gb-emmc-storage-chrome-os-14a-ca0506tu/p/itmb2e03ff1f9366?pid=COMGBHKFAYHEMVAT&lid=LSTCOMGBHKFAYHEMVATTMWBVX&marketplace=FLIPKART&q=laptop&store=6bo%2Fb5g&srno=s_1_1&otracker=search&otracker1=search&fm=organic&iid=en_8fJFUBJA9xAmpkZ11w7VklTod1NZJDWs8ZrK0iSvPHHRWe_MDU59F9eDnB_o5-hM6quWe2mWIVu-NDa17UCPfvUFjCTyOHoHZs-Z5_PS_w0%3D&ppt=None&ppn=None&ssid=r2998rrlls0000001750838293253&qH=312f91285e048e09,3.9,155,25-06-2025,No
"Lenovo Chromebook Duet 11M889 MediaTek MediaTek Kompanio 838 - (8 GB/128 GB EMMC Storage/Chrome OS) Chromebook Duet 11M889 Chromebook  (27.81 cm, Luna Grey, 1.101 Kg)",19990,37690,19990,https://www.flipkart.com/lenovo-chromebook-duet-11m889-mediatek-kompanio-838-8-gb-128-gb-emmc-storage-chrome-os/p/itm72d2780c3a298?pid=COMHBCAFZGVNEDTK&lid=LSTCOMHBCAFZGVNEDTKEKGN3G&marketplace=FLIPKART&q=laptop&store=6bo%2Fb5g&srno=s_1_2&otracker=search&otracker1=search&fm=organic&iid=en_8fJFUBJA9xAmpkZ11w7VklTod1NZJDWs8ZrK0iSvPHGIRfDbMsVS0fBi7X07nb9vZ54m6d9jjOMbyKY0R1VqG_UFjCTyOHoHZs-Z5_PS_w0%3D&ppt=None&ppn=None&ssid=r2998rrlls0000001750838293253&qH=312f91285e048e09,4.4,,25-06-2025,No
"ASUS Expertbook P1 Intel Core i5 13th Gen 13420H - (16 GB/512 GB SSD/Windows 11 Home) P1503CVA-S70611WS Thin and Light Laptop  (15.6 inch, Misty Grey, 1.65 Kg, With MS Office)",51990,89990,51990,https://www.flipkart.com/asus-expertbook-p1-intel-core-i5-13th-gen-13420h-16-gb-512-gb-ssd-windows-11-home-p1503cva-s70611ws-thin-light-laptop/p/itmf788da016f665?pid=COMH8Z2QRZVVN2RZ&lid=LSTCOMH8Z2QRZVVN2RZ9WYQBV&marketplace=FLIPKART&q=laptop&store=6bo%2Fb5g&srno=s_1_3&otracker=search&otracker1=search&fm=organic&iid=2f4c0dfa-6aec-46d6-bbb7-709232b3dc61.COMH8Z2QRZVVN2RZ.SEARCH&ppt=None&ppn=None&ssid=r2998rrlls0000001750838293253&qH=312f91285e048e09,4.3,40,25-06-2025,No
"Acer Aspire 3 Intel Celeron Dual Core - (8 GB/256 GB SSD/Windows 11 Home) A311-45 Thin and Light Laptop  (11.6 inch, Steel Grey, 1.0 kg)",15990,33399,20000,https://www.flipkart.com/acer-aspire-3-intel-celeron-dual-core-8-gb-256-gb-ssd-windows-11-home-a311-45-thin-light-laptop/p/itmad38595c5a902?pid=COMH7NCZ8BARKXFF&lid=LSTCOMH7NCZ8BARKXFFIUHV7S&marketplace=FLIPKART&q=laptop&store=6bo%2Fb5g&spotlightTagId=default_BestsellerId_6bo%2Fb5g&srno=s_1_4&otracker=search&otracker1=search&fm=organic&iid=2f4c0dfa-6aec-46d6-bbb7-709232b3dc61.COMH7NCZ8BARKXFF.SEARCH&ppt=None&ppn=None&ssid=r2998rrlls0000001750838293253&qH=312f91285e048e09,3.8,196,25-06-2025,Yes
"Acer Aspire 3 Intel Celeron Dual Core - (8 GB/128 GB SSD/Windows 11 Home) A311-45 Thin and Light Laptop  (11.6 inch, Steel Grey, 1.0 kg)",14990,32990,14990,https://www.flipkart.com/acer-aspire-3-intel-celeron-dual-core-8-gb-128-gb-ssd-windows-11-home-a311-45-thin-light-laptop/p/itmad38595c5a902?pid=COMH7NCZGGGWQC4W&lid=LSTCOMH7NCZGGGWQC4WQSQGVR&marketplace=FLIPKART&q=laptop&store=6bo%2Fb5g&srno=s_1_5&otracker=search&otracker1=search&fm=organic&iid=2f4c0dfa-6aec-46d6-bbb7-709232b3dc61.COMH7NCZGGGWQC4W.SEARCH&ppt=None&ppn=None&ssid=r2998rrlls0000001750838293253&qH=312f91285e048e09,3.8,196,25-06-2025,No
"Lenovo Slim 5 Co-Pilot Next Gen AI PC Full Metal Snapdragon X Plus - (16 GB/1 TB SSD/Windows 11 Home) 14Q8X9 Thin and Light Laptop  (14 Inch, Cloud Grey, 1.48 Kg, With MS Office)",62490,125890,62490,https://www.flipkart.com/lenovo-slim-5-co-pilot-next-gen-ai-pc-full-metal-snapdragon-x-plus-16-gb-1-tb-ssd-windows-11-home-14q8x9-thin-light-laptop/p/itm8a59041fc8c0f?pid=COMH4N9CZ7JKPQQC&lid=LSTCOMH4N9CZ7JKPQQCOFLXDU&marketplace=FLIPKART&q=laptop&store=6bo%2Fb5g&srno=s_1_8&otracker=search&otracker1=search&fm=organic&iid=2f4c0dfa-6aec-46d6-bbb7-709232b3dc61.COMH4N9CZ7JKPQQC.SEARCH&ppt=None&ppn=None&ssid=r2998rrlls0000001750838293253&qH=312f91285e048e09,4.1,40,25-06-2025,No
"Thomson NEO Core Series Intel Core i3 12th Gen 1215U - (8 GB/512 GB SSD/Windows 11 Home) IN-N15I Thin and Light Laptop  (15.6 inch, Grey Brush, 1.65 Kg)",19990,44990,19990,https://www.flipkart.com/thomson-neo-core-series-intel-i3-12th-gen-1215u-8-gb-512-gb-ssd-windows-11-home-in-n15i-thin-light-laptop/p/itm707312182fa98?pid=COMGXXF2QXYGZUH6&lid=LSTCOMGXXF2QXYGZUH6LPVXQJ&marketplace=FLIPKART&q=laptop&store=6bo%2Fb5g&srno=s_1_10&otracker=search&otracker1=search&fm=organic&iid=2f4c0dfa-6aec-46d6-bbb7-709232b3dc61.COMGXXF2QXYGZUH6.SEARCH&ppt=None&ppn=None&ssid=r2998rrlls0000001750838293253&qH=312f91285e048e09,3.7,27,25-06-2025,No
"HP Chromebook Intel Celeron Quad Core N4120 - (4 GB/64 GB EMMC Storage/Chrome OS) 14a-ca0504TU Chromebook  (14 Inch, Forest Teal, 1.49 Kg)",17990,32279,17990,https://www.flipkart.com/hp-chromebook-intel-celeron-quad-core-n4120-4-gb-64-gb-emmc-storage-chrome-os-14a-ca0504tu/p/itm786e711f402fa?pid=COMGBHKF9E65BFZP&lid=LSTCOMGBHKF9E65BFZP5UAU9E&marketplace=FLIPKART&q=laptop&store=6bo%2Fb5g&srno=s_1_11&otracker=search&otracker1=search&fm=organic&iid=en_8fJFUBJA9xAmpkZ11w7VklTod1NZJDWs8ZrK0iSvPHFMRmiAkT5AeEpssvuGPnVjvaIIH-M1tZtj1RVtf2B8lBhTy0lUJ14SzoMSv_CzLF0%3D&ppt=None&ppn=None&ssid=r2998rrlls0000001750838293253&qH=312f91285e048e09,4.1,150,25-06-2025,No
"DELL 15 AMD Ryzen 5 Hexa Core 7530U - (16 GB/512 GB SSD/Windows 11 Home) 3535 Thin and Light Laptop  (15.6 Inch, Platinum Silver, 1.67 Kg, With MS Office)",43990,55135,43990,https://www.flipkart.com/dell-15-amd-ryzen-5-hexa-core-7530u-16-gb-512-gb-ssd-windows-11-home-3535-thin-light-laptop/p/itm672bf7685863c?pid=COMH8EPFGAZ5HFM3&lid=LSTCOMH8EPFGAZ5HFM3LJSGGR&marketplace=FLIPKART&q=laptop&store=6bo%2Fb5g&srno=s_1_12&otracker=search&otracker1=search&fm=organic&iid=en_8fJFUBJA9xAmpkZ11w7VklTod1NZJDWs8ZrK0iSvPHEx7XSgDPA3QtPNwMBbsq2lR8Iy1N-OzTZYUX_7xIGpimaRs4JL222ZRV-dN99QnxU%3D&ppt=None&ppn=None&ssid=r2998rrlls0000001750838293253&qH=312f91285e048e09,4.4,13,25-06-2025,No
"Acer Aspire 3 Intel Celeron Dual Core - (8 GB/512 GB SSD/Windows 11 Home) A311-45 Thin and Light Laptop  (11.6 inch, Steel Grey, 1.0 kg)",17990,35999,25990,https://www.flipkart.com/acer-aspire-3-intel-celeron-dual-core-8-gb-512-gb-ssd-windows-11-home-a311-45-thin-light-laptop/p/itmad38595c5a902?pid=COMH7NCZY2QDJ5Z4&lid=LSTCOMH7NCZY2QDJ5Z4RHDRWI&marketplace=FLIPKART&q=laptop&store=6bo%2Fb5g&srno=s_1_13&otracker=search&otracker1=search&fm=organic&iid=2f4c0dfa-6aec-46d6-bbb7-709232b3dc61.COMH7NCZY2QDJ5Z4.SEARCH&ppt=None&ppn=None&ssid=r2998rrlls0000001750838293253&qH=312f91285e048e09,3.8,196,25-06-2025,Yes
"Lenovo 100e Chromebook Gen 4 MediaTek Kompanio 520 - (4 GB/32 GB EMMC Storage/Chrome OS) 82W00004HA Chromebook  (11.6 Inch, Graphite Grey, 1.23 Kg)",9299,16298,9299,https://www.flipkart.com/lenovo-100e-chromebook-gen-4-mediatek-kompanio-520-4-gb-32-gb-emmc-storage-chrome-os-82w00004ha/p/itm1ae5f82096ad9?pid=COMHA9FK8YXVUUWA&lid=LSTCOMHA9FK8YXVUUWAR749MF&marketplace=FLIPKART&q=laptop&store=6bo%2Fb5g&srno=s_1_15&otracker=search&otracker1=search&fm=organic&iid=2f4c0dfa-6aec-46d6-bbb7-709232b3dc61.COMHA9FK8YXVUUWA.SEARCH&ppt=None&ppn=None&ssid=r2998rrlls0000001750838293253&qH=312f91285e048e09,3.9,11,25-06-2025,No
"ASUS Vivobook 15 Intel Core i3 13th Gen 1315U - (16 GB/512 GB SSD/Windows 11 Home) X1504VA-NJ2325WS Thin and Light Laptop  (15.6 Inch, 1B&Quiet Blue, 1.7 Kg, With MS Office)",34990,56990,34990,https://www.flipkart.com/asus-vivobook-15-intel-core-i3-13th-gen-1315u-16-gb-512-gb-ssd-windows-11-home-x1504va-nj2325ws-thin-light-laptop/p/itm35fb3f9516635?pid=COMH9499CDEZTNHX&lid=LSTCOMH9499CDEZTNHXLD7KLF&marketplace=FLIPKART&q=laptop&store=6bo%2Fb5g&srno=s_1_16&otracker=search&otracker1=search&fm=organic&iid=2f4c0dfa-6aec-46d6-bbb7-709232b3dc61.COMH9499CDEZTNHX.SEARCH&ppt=None&ppn=None&ssid=r2998rrlls0000001750838293253&qH=312f91285e048e09,4.2,29,25-06-2025,No
"ASUS Chromebook Intel Celeron Dual Core N4500 - (4 GB/64 GB EMMC Storage/Chrome OS) CX1400CKA-NK0453 Chromebook  (14 Inch, Transparent Silver, 1.47 Kg)",13990,32990,23490,https://www.flipkart.com/asus-chromebook-intel-celeron-dual-core-n4500-4-gb-64-gb-emmc-storage-chrome-os-cx1400cka-nk0453/p/itm3cc0cadd59faf?pid=COMGSHM3RGXQ6ZVX&lid=LSTCOMGSHM3RGXQ6ZVXMNXMLN&marketplace=FLIPKART&q=laptop&store=6bo%2Fb5g&srno=s_1_17&otracker=search&otracker1=search&fm=organic&iid=en_8fJFUBJA9xAmpkZ11w7VklTod1NZJDWs8ZrK0iSvPHFVzeHxy6MCOGITFrJ-Bdu6ZUF3hAm9KQKj2t1Ivew_ua8iqbiwhGf4dwbXVx7ZSks%3D&ppt=None&ppn=None&ssid=r2998rrlls0000001750838293253&qH=312f91285e048e09,3.8,263,25-06-2025,Yes
"Lenovo IdeaPad 3 Chrome Intel Celeron Dual Core N4500 - (8 GB/Chrome OS) 15IJL6 Chromebook  (15.6 Inch, Arctic Grey, 1.58 Kg)",19990,31490,19990,https://www.flipkart.com/lenovo-ideapad-3-chrome-intel-celeron-dual-core-n4500-8-gb-chrome-os-15ijl6-chromebook/p/itmc635c4106a281?pid=COMH23FAEHT3AWVG&lid=LSTCOMH23FAEHT3AWVGBB32IT&marketplace=FLIPKART&q=laptop&store=6bo%2Fb5g&srno=s_1_18&otracker=search&otracker1=search&fm=organic&iid=en_8fJFUBJA9xAmpkZ11w7VklTod1NZJDWs8ZrK0iSvPHH9dom4WYsavlEwfqmaDcTHs2C2p3MuCPfBLpu7EvEqWfKSJvID5C-RdFfAlzwDiqI%3D&ppt=None&ppn=None&ssid=r2998rrlls0000001750838293253&qH=312f91285e048e09,3.3,3,25-06-2025,No
"Lenovo IdeaPad Slim 3 Intel Core i5 12th Gen 12450H - (8 GB/512 GB SSD/Windows 11 Home) 14IAH8 Thin and Light Laptop  (14 Inch, Arctic Grey, 1.37 Kg, With MS Office)",39990,66090,39990,https://www.flipkart.com/lenovo-ideapad-slim-3-intel-core-i5-12th-gen-12450h-8-gb-512-gb-ssd-windows-11-home-14iah8-thin-light-laptop/p/itm726ac134d0530?pid=COMHFYZ3GZVH37GY&lid=LSTCOMHFYZ3GZVH37GYBMASJU&marketplace=FLIPKART&q=laptop&store=6bo%2Fb5g&srno=s_1_19&otracker=search&otracker1=search&fm=organic&iid=2f4c0dfa-6aec-46d6-bbb7-709232b3dc61.COMHFYZ3GZVH37GY.SEARCH&ppt=None&ppn=None&ssid=r2998rrlls0000001750838293253&qH=312f91285e048e09,4.2,113,25-06-2025,No
"ASUS Vivobook 15 Intel Core i5 13th Gen 1335U - (16 GB/512 GB SSD/Windows 11 Home) X1504VA-NJ540WS Thin and Light Laptop  (15.6 Inch, Cool Silver, 1.70 Kg, With MS Office)",45990,73990,45990,https://www.flipkart.com/asus-vivobook-15-intel-core-i5-13th-gen-1335u-16-gb-512-gb-ssd-windows-11-home-x1504va-nj540ws-thin-light-laptop/p/itm200184e4e0443?pid=COMH4CHFK2PUPVBS&lid=LSTCOMH4CHFK2PUPVBSVEHVGJ&marketplace=FLIPKART&q=laptop&store=6bo%2Fb5g&srno=s_1_20&otracker=search&otracker1=search&fm=organic&iid=2f4c0dfa-6aec-46d6-bbb7-709232b3dc61.COMH4CHFK2PUPVBS.SEARCH&ppt=None&ppn=None&ssid=r2998rrlls0000001750838293253&qH=312f91285e048e09,4.4,10,25-06-2025,No
"ASUS Vivobook S14 (2025) with Office 2024 + M365 Basic*, Metallic Design, Copilot+ PC Qualcomm Snapdragon X - (16 GB/512 GB SSD/Windows 11 Home) S3407QA-KP020WS Thin and Light Laptop  (14 inch, Cool Silver, 1.39 Kg, With MS Office)",74990,92990,74990,https://www.flipkart.com/asus-vivobook-s14-2025-office-2024-m365-basic-metallic-design-copilot-pc-qualcomm-snapdragon-x-16-gb-512-gb-ssd-windows-11-home-s3407qa-kp020ws-thin-light-laptop/p/itm4be832c0c07b8?pid=COMH9SJ9VPQXUK6T&lid=LSTCOMH9SJ9VPQXUK6TMHCHDN&marketplace=FLIPKART&q=laptop&store=6bo%2Fb5g&srno=s_1_21&otracker=search&otracker1=search&fm=organic&iid=en_8fJFUBJA9xAmpkZ11w7VklTod1NZJDWs8ZrK0iSvPHH5Ly5TURXK0Ri2vYjCWyZ6Fp9VCQ_KdSDsWyfkN18wX8srgPW5YLzJU0_H6_RHKR0%3D&ppt=None&ppn=None&ssid=r2998rrlls0000001750838293253&qH=312f91285e048e09,4.5,,25-06-2025,No
"Lenovo Yoga Slim 7 AI PC Intel Core Ultra 7 155H - (16 GB/1 TB SSD/Windows 11 Home) 14IMH9 Thin and Light Laptop  (14 Inch, Luna Grey, 1.39 Kg)",75990,153190,75990,https://www.flipkart.com/lenovo-yoga-slim-7-ai-pc-intel-core-ultra-155h-16-gb-1-tb-ssd-windows-11-home-14imh9-thin-light-laptop/p/itm77304edff3814?pid=COMH3G969EWNAHYG&lid=LSTCOMH3G969EWNAHYGM4NHIP&marketplace=FLIPKART&q=laptop&store=6bo%2Fb5g&srno=s_1_23&otracker=search&otracker1=search&fm=organic&iid=2f4c0dfa-6aec-46d6-bbb7-709232b3dc61.COMH3G969EWNAHYG.SEARCH&ppt=None&ppn=None&ssid=r2998rrlls0000001750838293253&qH=312f91285e048e09,4.3,2,25-06-2025,No
"DELL Intel Celeron Quad Core - (8 GB/256 GB SSD/Windows 11 Pro) 5470 Thin and Light Laptop  (14 inch, Black)",21380,48990,39000,https://www.flipkart.com/dell-intel-celeron-quad-core-8-gb-256-gb-ssd-windows-11-pro-5470-thin-light-laptop/p/itmaa0f3ee04f93d?pid=COMHAKFY9YUYGVDF&lid=LSTCOMHAKFY9YUYGVDFU1CUNM&marketplace=FLIPKART&q=laptop&store=6bo%2Fb5g&srno=s_1_24&otracker=search&otracker1=search&fm=organic&iid=2f4c0dfa-6aec-46d6-bbb7-709232b3dc61.COMHAKFY9YUYGVDF.SEARCH&ppt=None&ppn=None&ssid=r2998rrlls0000001750838293253&qH=312f91285e048e09,3.7,5,25-06-2025,Yes
"HP G9 Intel Core i3 13th Gen 1315U Turbo Boost with Finger Print - (16 GB/512 GB SSD/Windows 11 Pro) 250R G9 Business Laptop  (15.6 inch, Dark Ash, 1.5 kg, With MS Office)",33090,53990,33090,https://www.flipkart.com/hp-g9-intel-core-i3-13th-gen-1315u-turbo-boost-finger-print-16-gb-512-gb-ssd-windows-11-pro-250r-business-laptop/p/itmff5abac6385ed?pid=COMH7Z2FGDVU8DZT&lid=LSTCOMH7Z2FGDVU8DZTY8ST6K&marketplace=FLIPKART&q=laptop&store=6bo%2Fb5g&srno=s_2_26&otracker=search&otracker1=search&fm=organic&iid=4ce3d9b8-4c91-4f59-b61b-0880bf2c8d4d.COMH7Z2FGDVU8DZT.SEARCH&ppt=None&ppn=None&ssid=8uyvvx8jwg0000001750838294239&qH=312f91285e048e09,4,22,25-06-2025,No
"DELL 15 AMD Ryzen 5 Quad Core 7520U - (8 GB/512 GB SSD/Windows 11 Home) 3535 Thin and Light Laptop  (15.6 Inch, Carbon Black, 1.67 Kg, With MS Office)",38990,48982,38990,https://www.flipkart.com/dell-15-amd-ryzen-5-quad-core-7520u-8-gb-512-gb-ssd-windows-11-home-3535-thin-light-laptop/p/itm99bfac135815b?pid=COMH8EPFHZRD9YDC&lid=LSTCOMH8EPFHZRD9YDCNY8FQL&marketplace=FLIPKART&q=laptop&store=6bo%2Fb5g&srno=s_2_28&otracker=search&otracker1=search&fm=organic&iid=en_eSuNXGozrv0CR-Kbq0DYofQqzQXktVROKy0pTkzxq3K0JcNLkArK_YkFoiopTSQTDVEsDvJkJ-VCtarmr4DNl_UFjCTyOHoHZs-Z5_PS_w0%3D&ppt=None&ppn=None&ssid=8uyvvx8jwg0000001750838294239&qH=312f91285e048e09,4.4,2,25-06-2025,No
"Acer Aspire Lite AMD Ryzen 7 Octa Core 5700U - (16 GB/512 GB SSD/Windows 11 Home) AL15-41 Thin and Light Laptop  (15.6 Inch, Steel Grey, 1.59 kg)",39990,69990,39990,https://www.flipkart.com/acer-aspire-lite-amd-ryzen-7-octa-core-5700u-16-gb-512-gb-ssd-windows-11-home-al15-41-thin-light-laptop/p/itm1bc0bcb4598e7?pid=COMHY74JVWWHKWKA&lid=LSTCOMHY74JVWWHKWKAO8L4DP&marketplace=FLIPKART&q=laptop&store=6bo%2Fb5g&srno=s_2_29&otracker=search&otracker1=search&fm=organic&iid=4ce3d9b8-4c91-4f59-b61b-0880bf2c8d4d.COMHY74JVWWHKWKA.SEARCH&ppt=None&ppn=None&ssid=8uyvvx8jwg0000001750838294239&qH=312f91285e048e09,4,32,25-06-2025,No
"HP Chromebook Intel Celeron Dual Core N4120 - (4 GB/64 GB EMMC Storage/Chrome OS) 14a-ca0506TU Chromebook  (14 Inch, Mineral Silver, 1.49 Kg)",17990,32295,17990,https://www.flipkart.com/hp-chromebook-intel-celeron-dual-core-n4120-4-gb-64-gb-emmc-storage-chrome-os-14a-ca0506tu/p/itmb2e03ff1f9366?pid=COMGBHKFAYHEMVAT&lid=LSTCOMGBHKFAYHEMVATTMWBVX&marketplace=FLIPKART&q=laptop&store=6bo%2Fb5g&srno=s_2_31&otracker=search&otracker1=search&fm=organic&iid=en_eSuNXGozrv0CR-Kbq0DYofQqzQXktVROKy0pTkzxq3Lsa3oesa5QdQ9k7HqN5taNelQ8mii-yAP-YsoS6d2u-vUFjCTyOHoHZs-Z5_PS_w0%3D&ppt=None&ppn=None&ssid=8uyvvx8jwg0000001750838294239&qH=312f91285e048e09,3.9,155,25-06-2025,No
"Acer Aspire Lite AMD Ryzen 5 Hexa Core 5625U - (16 GB/512 GB SSD/Windows 11 Home) AL15-41 Thin and Light Laptop  (15.6 inch, Steel Grey, 1.59 Kg)",36990,59990,36990,https://www.flipkart.com/acer-aspire-lite-amd-ryzen-5-hexa-core-5625u-16-gb-512-gb-ssd-windows-11-home-al15-41-thin-light-laptop/p/itm1bc0bcb4598e7?pid=COMGXPH6V5PZNMWU&lid=LSTCOMGXPH6V5PZNMWUJR2UHH&marketplace=FLIPKART&q=laptop&store=6bo%2Fb5g&srno=s_2_33&otracker=search&otracker1=search&fm=organic&iid=4ce3d9b8-4c91-4f59-b61b-0880bf2c8d4d.COMGXPH6V5PZNMWU.SEARCH&ppt=None&ppn=None&ssid=8uyvvx8jwg0000001750838294239&qH=312f91285e048e09,4.1,107,25-06-2025,No
"ASUS Vivobook 15 Intel Core i5 12th Gen 1235U - (8 GB/512 GB SSD/Windows 11 Home) X1504ZA-NJ527WS|X1504ZA-NJ522WS Thin and Light Laptop  (15.6 Inch, Cool Silver, 1.70 Kg, With MS Office)",40990,69990,40990,https://www.flipkart.com/asus-vivobook-15-intel-core-i5-12th-gen-1235u-8-gb-512-gb-ssd-windows-11-home-x1504za-nj527ws-x1504za-nj522ws-thin-light-laptop/p/itm200184e4e0443?pid=COMH4Y6KZGGKYCGP&lid=LSTCOMH4Y6KZGGKYCGP6QZMPB&marketplace=FLIPKART&q=laptop&store=6bo%2Fb5g&srno=s_2_34&otracker=search&otracker1=search&fm=organic&iid=4ce3d9b8-4c91-4f59-b61b-0880bf2c8d4d.COMH4Y6KZGGKYCGP.SEARCH&ppt=None&ppn=None&ssid=8uyvvx8jwg0000001750838294239&qH=312f91285e048e09,4.2,453,25-06-2025,No
"ASUS Vivobook S15 OLED, A-Part Metal Body, Intel Core i9 13th Gen 13900H - (16 GB/512 GB SSD/Windows 11 Home) S5504VA-MA943WS Thin and Light Laptop  (15.6 Inch, Cool Silver, 1.70 Kg, With MS Office)",81990,116990,100000,https://www.flipkart.com/asus-vivobook-s15-oled-a-part-metal-body-intel-core-i9-13th-gen-13900h-16-gb-512-gb-ssd-windows-11-home-s5504va-ma943ws-thin-light-laptop/p/itm9bb268d9b1aab?pid=COMH3BGBN2AN3TWX&lid=LSTCOMH3BGBN2AN3TWXAFJW5Q&marketplace=FLIPKART&q=laptop&store=6bo%2Fb5g&srno=s_2_36&otracker=search&otracker1=search&fm=organic&iid=4ce3d9b8-4c91-4f59-b61b-0880bf2c8d4d.COMH3BGBN2AN3TWX.SEARCH&ppt=None&ppn=None&ssid=8uyvvx8jwg0000001750838294239&qH=312f91285e048e09,3.9,7,25-06-2025,Yes
"DELL 15 Intel Core i5 12th Gen 1235U - (16 GB/512 GB SSD/Windows 11 Home) 3520 Thin and Light Laptop  (15.6 Inch, Titan Grey, 1.69 Kg, With MS Office)",49990,62415,59990,https://www.flipkart.com/dell-15-intel-core-i5-12th-gen-1235u-16-gb-512-gb-ssd-windows-11-home-3520-thin-light-laptop/p/itm86b6eb68a0ca0?pid=COMH8EPFRSEP9Q6M&lid=LSTCOMH8EPFRSEP9Q6MQFWFU0&marketplace=FLIPKART&q=laptop&store=6bo%2Fb5g&srno=s_2_38&otracker=search&otracker1=search&fm=organic&iid=en_eSuNXGozrv0CR-Kbq0DYofQqzQXktVROKy0pTkzxq3JJA9pcddMAUnsQ7FkO3UftVtA2DghB_p8fLvaDuxYDm_UFjCTyOHoHZs-Z5_PS_w0%3D&ppt=None&ppn=None&ssid=8uyvvx8jwg0000001750838294239&qH=312f91285e048e09,4.1,17,25-06-2025,Yes
"Acer Aspire Intel Core i5 12th Gen 12450H - (12 GB/512 GB SSD/Windows 11 Home) AL15-52H Thin and Light Laptop  (15.6 inch, Pure Silver, 1.70 kg)",40900,59999,40900,https://www.flipkart.com/acer-aspire-intel-core-i5-12th-gen-12450h-12-gb-512-gb-ssd-windows-11-home-al15-52h-thin-light-laptop/p/itmc262e2fa338ce?pid=COMH59E4MRQZEJEH&lid=LSTCOMH59E4MRQZEJEH0HZXXA&marketplace=FLIPKART&q=laptop&store=6bo%2Fb5g&srno=s_2_39&otracker=search&otracker1=search&fm=organic&iid=4ce3d9b8-4c91-4f59-b61b-0880bf2c8d4d.COMH59E4MRQZEJEH.SEARCH&ppt=None&ppn=None&ssid=8uyvvx8jwg0000001750838294239&qH=312f91285e048e09,4.1,77,25-06-2025,No
"Lenovo IdeaPad Slim 5 Intel Core i5 12th Gen 12450H - (16 GB/1 TB SSD/Windows 11 Home) 14IAH8 Thin and Light Laptop  (14 Inch, Cloud Grey, 1.46 Kg, With MS Office)",51990,78590,51990,https://www.flipkart.com/lenovo-ideapad-slim-5-intel-core-i5-12th-gen-12450h-16-gb-1-tb-ssd-windows-11-home-14iah8-thin-light-laptop/p/itmc63731ed924b8?pid=COMGVQ2YXAFDRBHQ&lid=LSTCOMGVQ2YXAFDRBHQVWVVAT&marketplace=FLIPKART&q=laptop&store=6bo%2Fb5g&srno=s_2_40&otracker=search&otracker1=search&fm=organic&iid=4ce3d9b8-4c91-4f59-b61b-0880bf2c8d4d.COMGVQ2YXAFDRBHQ.SEARCH&ppt=None&ppn=None&ssid=8uyvvx8jwg0000001750838294239&qH=312f91285e048e09,4.2,54,25-06-2025,No
"ASUS Chromebook Intel Celeron Dual Core N4500 - (4 GB/128 GB EMMC Storage/Chrome OS) CX1400CKA-NK0488 Chromebook  (14 Inch, Transparent Silver, 1.47 Kg)",13990,32990,13990,https://www.flipkart.com/asus-chromebook-intel-celeron-dual-core-n4500-4-gb-128-gb-emmc-storage-chrome-os-cx1400cka-nk0488/p/itm55df91d5beb9e?pid=COMH7C3EVHUKYP96&lid=LSTCOMH7C3EVHUKYP96IIZFGI&marketplace=FLIPKART&q=laptop&store=6bo%2Fb5g&srno=s_2_41&otracker=search&otracker1=search&fm=organic&iid=en_eSuNXGozrv0CR-Kbq0DYofQqzQXktVROKy0pTkzxq3J5qMuOE9O5HOeAmyXY-qcsNfEED6AvrX-l5IbjgE63BvUFjCTyOHoHZs-Z5_PS_w0%3D&ppt=None&ppn=None&ssid=8uyvvx8jwg0000001750838294239&qH=312f91285e048e09,4,2,25-06-2025,No
"Lenovo 100e Chromebook Gen 4 MediaTek MediaTek Kompanio 528 - (4 GB/64 GB EMMC Storage/Chrome OS) 82W0001DHA Chromebook  (11.6 Inch, Graphite Grey, 1.23 Kg)",10499,37690,10499,https://www.flipkart.com/lenovo-100e-chromebook-gen-4-mediatek-kompanio-528-4-gb-64-gb-emmc-storage-chrome-os-82w0001dha/p/itm37ef89935fcd5?pid=COMHA9FKZ7KSC3SZ&lid=LSTCOMHA9FKZ7KSC3SZ6YMQQQ&marketplace=FLIPKART&q=laptop&store=6bo%2Fb5g&srno=s_2_42&otracker=search&otracker1=search&fm=organic&iid=en_eSuNXGozrv0CR-Kbq0DYofQqzQXktVROKy0pTkzxq3INlLYzrWDCr12XNEWiOr44cY8Ub0NMs3-kzPuQHjFEQvUFjCTyOHoHZs-Z5_PS_w0%3D&ppt=None&ppn=None&ssid=8uyvvx8jwg0000001750838294239&qH=312f91285e048e09,3.7,7,25-06-2025,No
"HP 15 G10 (2025) AMD Ryzen 3 Quad Core 7320U - (8 GB/512 GB SSD/Windows 11 Home) 15 G10 Thin and Light Laptop  (15.6 inch, Silver, 1.5 kg)",26999,49999,26999,https://www.flipkart.com/hp-15-g10-2025-amd-ryzen-3-quad-core-7320u-8-gb-512-gb-ssd-windows-11-home-thin-light-laptop/p/itm4b28b4db440f0?pid=COMH9ZS5WUN6S3H5&lid=LSTCOMH9ZS5WUN6S3H5HYSPF3&marketplace=FLIPKART&q=laptop&store=6bo%2Fb5g&srno=s_2_43&otracker=search&otracker1=search&fm=organic&iid=4ce3d9b8-4c91-4f59-b61b-0880bf2c8d4d.COMH9ZS5WUN6S3H5.SEARCH&ppt=None&ppn=None&ssid=8uyvvx8jwg0000001750838294239&qH=312f91285e048e09,4.4,187,25-06-2025,No
"ASUS Vivobook 15 (2025) with Office 2024 + M365 Basic* Intel Core i3 13th Gen 1315U - (16 GB/512 GB SSD/Windows 11 Home) X1504VA-NJ2324WS Thin and Light Laptop  (15.6 inch, Cool Silver, 1.70 Kg, With MS Office)",37990,56990,47990,https://www.flipkart.com/asus-vivobook-15-2025-office-2024-m365-basic-intel-core-i3-13th-gen-1315u-16-gb-512-gb-ssd-windows-11-home-x1504va-nj2324ws-thin-light-laptop/p/itmf40dd3e4553f6?pid=COMH9SJ95TXH5PYE&lid=LSTCOMH9SJ95TXH5PYE2MZBAW&marketplace=FLIPKART&q=laptop&store=6bo%2Fb5g&srno=s_2_44&otracker=search&otracker1=search&fm=organic&iid=4ce3d9b8-4c91-4f59-b61b-0880bf2c8d4d.COMH9SJ95TXH5PYE.SEARCH&ppt=None&ppn=None&ssid=8uyvvx8jwg0000001750838294239&qH=312f91285e048e09,4.3,26,25-06-2025,Yes
"Acer Nitro V AMD Ryzen 5 Hexa Core 7535HS - (16 GB/512 GB SSD/Windows 11 Home/6 GB Graphics/NVIDIA GeForce RTX 3050) ANV15-41 Gaming Laptop  (15.6 Inch, Obsidian Black, 2.1 Kg)",57990,85999,57990,https://www.flipkart.com/acer-nitro-v-amd-ryzen-5-hexa-core-7535hs-16-gb-512-gb-ssd-windows-11-home-6-graphics-nvidia-geforce-rtx-3050-anv15-41-gaming-laptop/p/itm6491e522f1157?pid=COMGZN7ZYP8MDPHR&lid=LSTCOMGZN7ZYP8MDPHRDVIR0H&marketplace=FLIPKART&q=laptop&store=6bo%2Fb5g&srno=s_2_47&otracker=search&otracker1=search&fm=organic&iid=en_eSuNXGozrv0CR-Kbq0DYofQqzQXktVROKy0pTkzxq3IPUclpA8tgYe6llkVbzhRqK-Ow8Oxjpt2XCymPOk93TWaRs4JL222ZRV-dN99QnxU%3D&ppt=None&ppn=None&ssid=8uyvvx8jwg0000001750838294239&qH=312f91285e048e09,4.4,49,25-06-2025,No
"ASUS Vivobook S14 (2025) with Office 2024 + M365 Basic*, Metallic Design, Copilot+ PC Qualcomm Snapdragon X - (16 GB/512 GB SSD/Windows 11 Home) S3407QA-KP020WS Thin and Light Laptop  (14 inch, Cool Silver, 1.39 Kg, With MS Office)",74990,92990,74990,https://www.flipkart.com/asus-vivobook-s14-2025-office-2024-m365-basic-metallic-design-copilot-pc-qualcomm-snapdragon-x-16-gb-512-gb-ssd-windows-11-home-s3407qa-kp020ws-thin-light-laptop/p/itm4be832c0c07b8?pid=COMH9SJ9VPQXUK6T&lid=LSTCOMH9SJ9VPQXUK6TMHCHDN&marketplace=FLIPKART&q=laptop&store=6bo%2Fb5g&srno=s_2_48&otracker=search&otracker1=search&fm=organic&iid=en_eSuNXGozrv0CR-Kbq0DYofQqzQXktVROKy0pTkzxq3LQQmYi22A9zepL-EF0MTI7Fp9VCQ_KdSDsWyfkN18wX68iqbiwhGf4dwbXVx7ZSks%3D&ppt=None&ppn=None&ssid=8uyvvx8jwg0000001750838294239&qH=312f91285e048e09,4.5,,25-06-2025,No
"ASUS X1504ZA Intel Core i3 12th Gen 12th Gen Intel Core i3-1215U - (8 GB/512 GB SSD/Windows 11 Home) X1504ZA-NJ322WS Thin and Light Laptop  (15.6 inch, Cool Silver, 1.70 kg, With MS Office)",32490,54990,32490,https://www.flipkart.com/asus-x1504za-intel-core-i3-12th-gen-i3-1215u-8-gb-512-gb-ssd-windows-11-home-x1504za-nj322ws-thin-light-laptop/p/itm200184e4e0443?pid=COMGT2RFWFYDGZJQ&lid=LSTCOMGT2RFWFYDGZJQJ5PB5E&marketplace=FLIPKART&q=laptop&store=6bo%2Fb5g&srno=s_3_49&otracker=search&otracker1=search&fm=organic&iid=f9b4699c-c4bb-4b6b-84cd-fc1f4289e66a.COMGT2RFWFYDGZJQ.SEARCH&ppt=None&ppn=None&ssid=t0k93fbs2o0000001750838295145&qH=312f91285e048e09,4.3,486,25-06-2025,No
"ASUS Expertbook P1 Intel Core i3 13th Gen 1315U - (8 GB/512 GB SSD/Windows 11 Home) P1403CVA-S60343WS Thin and Light Laptop  (14 inch, Misty Grey, 1.4 Kg, With MS Office)",36990,69990,46990,https://www.flipkart.com/asus-expertbook-p1-intel-core-i3-13th-gen-1315u-8-gb-512-gb-ssd-windows-11-home-p1403cva-s60343ws-thin-light-laptop/p/itm275e21a6deac0?pid=COMH8Z2QRWQQZTCJ&lid=LSTCOMH8Z2QRWQQZTCJ7QVQUG&marketplace=FLIPKART&q=laptop&store=6bo%2Fb5g&srno=s_3_50&otracker=search&otracker1=search&fm=organic&iid=f9b4699c-c4bb-4b6b-84cd-fc1f4289e66a.COMH8Z2QRWQQZTCJ.SEARCH&ppt=None&ppn=None&ssid=t0k93fbs2o0000001750838295145&qH=312f91285e048e09,4.1,42,25-06-2025,Yes
"DELL 15 AMD Ryzen 5 Hexa Core 7530U - (16 GB/512 GB SSD/Windows 11 Home) 3535 Thin and Light Laptop  (15.6 Inch, Platinum Silver, 1.67 Kg, With MS Office)",43990,55135,43990,https://www.flipkart.com/dell-15-amd-ryzen-5-hexa-core-7530u-16-gb-512-gb-ssd-windows-11-home-3535-thin-light-laptop/p/itm672bf7685863c?pid=COMH8EPFGAZ5HFM3&lid=LSTCOMH8EPFGAZ5HFM3LJSGGR&marketplace=FLIPKART&q=laptop&store=6bo%2Fb5g&srno=s_3_51&otracker=search&otracker1=search&fm=organic&iid=en_wzZejQ-FeUlGsHeIFJVtfkRygx2hrVe05UnTR8JZNxPbmJSJh1K2Ehk-sUXuc9M35ZfP7XVvk-jOF9Ycg0Jyo_UFjCTyOHoHZs-Z5_PS_w0%3D&ppt=None&ppn=None&ssid=t0k93fbs2o0000001750838295145&qH=312f91285e048e09,4.4,13,25-06-2025,No
"HP Chromebook Intel Celeron Dual Core N4120 - (4 GB/64 GB EMMC Storage/Chrome OS) 14a-ca0506TU Chromebook  (14 Inch, Mineral Silver, 1.49 Kg)",17990,32295,17990,https://www.flipkart.com/hp-chromebook-intel-celeron-dual-core-n4120-4-gb-64-gb-emmc-storage-chrome-os-14a-ca0506tu/p/itmb2e03ff1f9366?pid=COMGBHKFAYHEMVAT&lid=LSTCOMGBHKFAYHEMVATTMWBVX&marketplace=FLIPKART&q=laptop&store=6bo%2Fb5g&srno=s_3_52&otracker=search&otracker1=search&fm=organic&iid=en_wzZejQ-FeUlGsHeIFJVtfkRygx2hrVe05UnTR8JZNxPVLXuU3ZOUtcgUSDqzmjD1elQ8mii-yAP-YsoS6d2u-vUFjCTyOHoHZs-Z5_PS_w0%3D&ppt=None&ppn=None&ssid=t0k93fbs2o0000001750838295145&qH=312f91285e048e09,3.9,155,25-06-2025,No
"Acer Aspire 15 AMD Ryzen 5 Hexa Core 7430U - (8 GB/512 GB SSD/Windows 11 Home) A325-42 Thin and Light Laptop  (15.6 Inch, Silver, 1.79 Kg)",34990,54990,34990,https://www.flipkart.com/acer-aspire-15-amd-ryzen-5-hexa-core-7430u-8-gb-512-gb-ssd-windows-11-home-a325-42-thin-light-laptop/p/itmdaf15e01a1d1a?pid=COMH397XVTZNMYGX&lid=LSTCOMH397XVTZNMYGXUXLNNE&marketplace=FLIPKART&q=laptop&store=6bo%2Fb5g&srno=s_3_54&otracker=search&otracker1=search&fm=organic&iid=f9b4699c-c4bb-4b6b-84cd-fc1f4289e66a.COMH397XVTZNMYGX.SEARCH&ppt=None&ppn=None&ssid=t0k93fbs2o0000001750838295145&qH=312f91285e048e09,4.1,217,25-06-2025,No
"Acer Aspire 15 AMD Ryzen 5 Hexa Core 7430U - (16 GB/512 GB SSD/Windows 11 Home) Aspire AS15-42 Thin and Light Laptop  (15.6 Inch, Silver, 1.79 Kg)",37990,59990,37990,https://www.flipkart.com/acer-aspire-15-amd-ryzen-5-hexa-core-7430u-16-gb-512-gb-ssd-windows-11-home-as15-42-thin-light-laptop/p/itmdaf15e01a1d1a?pid=COMH397XW36HUXB8&lid=LSTCOMH397XW36HUXB8LCSOPU&marketplace=FLIPKART&q=laptop&store=6bo%2Fb5g&srno=s_3_55&otracker=search&otracker1=search&fm=organic&iid=f9b4699c-c4bb-4b6b-84cd-fc1f4289e66a.COMH397XW36HUXB8.SEARCH&ppt=None&ppn=None&ssid=t0k93fbs2o0000001750838295145&qH=312f91285e048e09,4.1,217,25-06-2025,No
"DELL Latitude 3440 (2024) Intel Core i3 12th Gen 1215U - (8 GB/512 GB SSD/Windows 11 Pro) Latitude 3440 Business Laptop  (14 inch, Grey, 1.5 kg)",29500,68990,29500,https://www.flipkart.com/dell-latitude-3440-2024-intel-core-i3-12th-gen-1215u-8-gb-512-gb-ssd-windows-11-pro-business-laptop/p/itm7f265faf0871e?pid=COMH5G3F8BGPNY9N&lid=LSTCOMH5G3F8BGPNY9N2TIZMJ&marketplace=FLIPKART&q=laptop&store=6bo%2Fb5g&srno=s_3_56&otracker=search&otracker1=search&fm=organic&iid=f9b4699c-c4bb-4b6b-84cd-fc1f4289e66a.COMH5G3F8BGPNY9N.SEARCH&ppt=None&ppn=None&ssid=t0k93fbs2o0000001750838295145&qH=312f91285e048e09,4.1,4,25-06-2025,No
"ASUS Chromebook Intel Celeron Dual Core N4500 - (4 GB/128 GB EMMC Storage/Chrome OS) CX1400CKA-NK0488 Chromebook  (14 Inch, Transparent Silver, 1.47 Kg)",13990,32990,13990,https://www.flipkart.com/asus-chromebook-intel-celeron-dual-core-n4500-4-gb-128-gb-emmc-storage-chrome-os-cx1400cka-nk0488/p/itm55df91d5beb9e?pid=COMH7C3EVHUKYP96&lid=LSTCOMH7C3EVHUKYP96IIZFGI&marketplace=FLIPKART&q=laptop&store=6bo%2Fb5g&srno=s_3_57&otracker=search&otracker1=search&fm=organic&iid=en_wzZejQ-FeUlGsHeIFJVtfkRygx2hrVe05UnTR8JZNxNtx4AWShPmRR6iFE-oIzefNfEED6AvrX-l5IbjgE63BvUFjCTyOHoHZs-Z5_PS_w0%3D&ppt=None&ppn=None&ssid=t0k93fbs2o0000001750838295145&qH=312f91285e048e09,4,2,25-06-2025,No
"ASUS TUF Gaming A15 AMD Ryzen 5 Hexa Core 7535HS - (16 GB/512 GB SSD/Windows 11 Home/4 GB Graphics/NVIDIA GeForce RTX 3050) FA506NC-HN083W Gaming Laptop  (15.6 Inch, Graphite Black, 2.30 Kg)",59990,79990,59990,https://www.flipkart.com/asus-tuf-gaming-a15-amd-ryzen-5-hexa-core-7535hs-16-gb-512-gb-ssd-windows-11-home-4-graphics-nvidia-geforce-rtx-3050-fa506nc-hn083w-laptop/p/itm10514ecd2a794?pid=COMHFK2T3KCHKAFU&lid=LSTCOMHFK2T3KCHKAFUOEIOAP&marketplace=FLIPKART&q=laptop&store=6bo%2Fb5g&srno=s_3_58&otracker=search&otracker1=search&fm=organic&iid=en_wzZejQ-FeUlGsHeIFJVtfkRygx2hrVe05UnTR8JZNxPPGOx9DAVsCQu1hpZKYsq__YC1My-c9EzRp3zQxwVYK_UFjCTyOHoHZs-Z5_PS_w0%3D&ppt=None&ppn=None&ssid=t0k93fbs2o0000001750838295145&qH=312f91285e048e09,4.4,52,25-06-2025,No
"Acer Aspire 3 AMD Ryzen 3 Quad Core 7330U - (8 GB/512 GB SSD/Windows 11 Home) A325-42 Thin and Light Laptop  (15.6 Inch, Silver, 1.79 Kg)",29990,44990,27590,https://www.flipkart.com/acer-aspire-3-amd-ryzen-quad-core-7330u-8-gb-512-gb-ssd-windows-11-home-a325-42-thin-light-laptop/p/itmdaf15e01a1d1a?pid=COMH397X2KJ8XCHR&lid=LSTCOMH397X2KJ8XCHR96DV46&marketplace=FLIPKART&q=laptop&store=6bo%2Fb5g&srno=s_3_59&otracker=search&otracker1=search&fm=organic&iid=f9b4699c-c4bb-4b6b-84cd-fc1f4289e66a.COMH397X2KJ8XCHR.SEARCH&ppt=None&ppn=None&ssid=t0k93fbs2o0000001750838295145&qH=312f91285e048e09,4.1,81,25-06-2025,No
"DELL Latitude 3540 (2025) Intel Core i3 12th Gen 1215U - (16 GB/512 GB SSD/Windows 11 Home) Latitude 3540 Thin and Light Laptop  (15.6 inch, Smoky Black, 1.6 kg, With MS Office)",35490,70990,35490,https://www.flipkart.com/dell-latitude-3540-2025-intel-core-i3-12th-gen-1215u-16-gb-512-gb-ssd-windows-11-home-thin-light-laptop/p/itm7f265faf0871e?pid=COMH96VZAERCSPPP&lid=LSTCOMH96VZAERCSPPPTA5CWR&marketplace=FLIPKART&q=laptop&store=6bo%2Fb5g&srno=s_3_60&otracker=search&otracker1=search&fm=organic&iid=f9b4699c-c4bb-4b6b-84cd-fc1f4289e66a.COMH96VZAERCSPPP.SEARCH&ppt=None&ppn=None&ssid=t0k93fbs2o0000001750838295145&qH=312f91285e048e09,4.3,9,25-06-2025,No
"Acer Chromebook Intel Celeron Dual Core N4500 - (8 GB/128 GB EMMC Storage/Chrome OS) CB314-3H-C5QE/ CB314-3H-C0BZ Chromebook  (14 inch, Silver, 1.45 Kg)",14990,33999,14990,https://www.flipkart.com/acer-chromebook-intel-celeron-dual-core-n4500-8-gb-128-gb-emmc-storage-chrome-os-cb314-3h-c5qe-cb314-3h-c0bz/p/itm04458b376eefa?pid=COMGSV3G3RYBAHX4&lid=LSTCOMGSV3G3RYBAHX4RBS9WL&marketplace=FLIPKART&q=laptop&store=6bo%2Fb5g&srno=s_3_61&otracker=search&otracker1=search&fm=organic&iid=en_wzZejQ-FeUlGsHeIFJVtfkRygx2hrVe05UnTR8JZNxMtoe5WxwaQV6CwceKGkisf5CUlFpEQDXnsjvd6sFuOR_UFjCTyOHoHZs-Z5_PS_w0%3D&ppt=None&ppn=None&ssid=t0k93fbs2o0000001750838295145&qH=312f91285e048e09,3.8,157,25-06-2025,No
"DELL 15 Intel Core i5 12th Gen 1235U - (16 GB/512 GB SSD/Windows 11 Home) 3520 Thin and Light Laptop  (15.6 Inch, Titan Grey, 1.69 Kg, With MS Office)",49990,62415,49990,https://www.flipkart.com/dell-15-intel-core-i5-12th-gen-1235u-16-gb-512-gb-ssd-windows-11-home-3520-thin-light-laptop/p/itm86b6eb68a0ca0?pid=COMH8EPFRSEP9Q6M&lid=LSTCOMH8EPFRSEP9Q6MQFWFU0&marketplace=FLIPKART&q=laptop&store=6bo%2Fb5g&srno=s_3_62&otracker=search&otracker1=search&fm=organic&iid=en_wzZejQ-FeUlGsHeIFJVtfkRygx2hrVe05UnTR8JZNxN5XL4BTtdWajrK-kaYY48aVtA2DghB_p8fLvaDuxYDm_UFjCTyOHoHZs-Z5_PS_w0%3D&ppt=None&ppn=None&ssid=t0k93fbs2o0000001750838295145&qH=312f91285e048e09,4.1,17,25-06-2025,No
"HP 15 (2024) AMD Ryzen 3 Quad Core 7320U - (8 GB/512 GB SSD/Windows 11 Home) 15-fc0154AU Thin and Light Laptop  (15.6 Inch, Silver, 1.59 Kg, With MS Office)",29990,45995,30990,https://www.flipkart.com/hp-15-2024-amd-ryzen-3-quad-core-7320u-8-gb-512-gb-ssd-windows-11-home-15-fc0154au-thin-light-laptop/p/itm341b4714ead99?pid=COMH56DFUBTUMXRH&lid=LSTCOMH56DFUBTUMXRHUIRDZB&marketplace=FLIPKART&q=laptop&store=6bo%2Fb5g&srno=s_3_64&otracker=search&otracker1=search&fm=organic&iid=f9b4699c-c4bb-4b6b-84cd-fc1f4289e66a.COMH56DFUBTUMXRH.SEARCH&ppt=None&ppn=None&ssid=t0k93fbs2o0000001750838295145&qH=312f91285e048e09,4.2,196,25-06-2025,No
"ASUS Vivobook Go 15 OLED AMD Ryzen 3 Quad Core 7320U - (8 GB/512 GB SSD/Windows 11 Home) E1504FA-LK321WS Thin and Light Laptop  (15.6 Inch, Cool Silver, 1.63 Kg, With MS Office)",36990,61990,36990,https://www.flipkart.com/asus-vivobook-go-15-oled-amd-ryzen-3-quad-core-7320u-8-gb-512-gb-ssd-windows-11-home-e1504fa-lk321ws-thin-light-laptop/p/itm3de88f71e558b?pid=COMGMGXFB2KYFGZN&lid=LSTCOMGMGXFB2KYFGZN0SV9BA&marketplace=FLIPKART&q=laptop&store=6bo%2Fb5g&srno=s_3_65&otracker=search&otracker1=search&fm=organic&iid=f9b4699c-c4bb-4b6b-84cd-fc1f4289e66a.COMGMGXFB2KYFGZN.SEARCH&ppt=None&ppn=None&ssid=t0k93fbs2o0000001750838295145&qH=312f91285e048e09,4.4,438,25-06-2025,No
"ASUS Chromebook Intel Celeron Dual Core N4500 - (4 GB/64 GB EMMC Storage/Chrome OS) CX1400CKA-NK0453 Chromebook  (14 Inch, Transparent Silver, 1.47 Kg)",13990,32990,13990,https://www.flipkart.com/asus-chromebook-intel-celeron-dual-core-n4500-4-gb-64-gb-emmc-storage-chrome-os-cx1400cka-nk0453/p/itm3cc0cadd59faf?pid=COMGSHM3RGXQ6ZVX&lid=LSTCOMGSHM3RGXQ6ZVXMNXMLN&marketplace=FLIPKART&q=laptop&store=6bo%2Fb5g&srno=s_3_67&otracker=search&otracker1=search&fm=organic&iid=en_wzZejQ-FeUlGsHeIFJVtfkRygx2hrVe05UnTR8JZNxNyDLCmENUxmBeQVdjewkj7341RhMhcPnF4tfzKU3z3MvUFjCTyOHoHZs-Z5_PS_w0%3D&ppt=None&ppn=None&ssid=t0k93fbs2o0000001750838295145&qH=312f91285e048e09,3.8,263,25-06-2025,No
"DELL 15 Intel Core i3 12th Gen 1215U - (8 GB/512 GB SSD/Windows 11 Home) 3520 Thin and Light Laptop  (15.6 inch, Carbon Black, 1.69 Kg, With MS Office)",32990,44861,32990,https://www.flipkart.com/dell-15-intel-core-i3-12th-gen-1215u-8-gb-512-gb-ssd-windows-11-home-3520-thin-light-laptop/p/itm5d692e615c97e?pid=COMH2F22XWP7DQFM&lid=LSTCOMH2F22XWP7DQFMJYD9JY&marketplace=FLIPKART&q=laptop&store=6bo%2Fb5g&srno=s_3_68&otracker=search&otracker1=search&fm=organic&iid=en_wzZejQ-FeUlGsHeIFJVtfkRygx2hrVe05UnTR8JZNxNgRhHsQrQUEbZC8orfuWqeRPRDoWHZ3_A5CPDawOcyEvUFjCTyOHoHZs-Z5_PS_w0%3D&ppt=None&ppn=None&ssid=t0k93fbs2o0000001750838295145&qH=312f91285e048e09,4.2,53,25-06-2025,No
"ASUS Vivobook Go 15 OLED AMD Ryzen 5 Quad Core 7520U - (8 GB/512 GB SSD/Windows 11 Home) E1504FA-LK522WS Thin and Light Laptop  (15.6 Inch, Mixed Black, 1.63 Kg, With MS Office)",41990,74990,41990,https://www.flipkart.com/asus-vivobook-go-15-oled-amd-ryzen-5-quad-core-7520u-8-gb-512-gb-ssd-windows-11-home-e1504fa-lk522ws-thin-light-laptop/p/itm3de88f71e558b?pid=COMGMGXFNWASKGZ4&lid=LSTCOMGMGXFNWASKGZ43Q8SXL&marketplace=FLIPKART&q=laptop&store=6bo%2Fb5g&srno=s_3_69&otracker=search&otracker1=search&fm=organic&iid=f9b4699c-c4bb-4b6b-84cd-fc1f4289e66a.COMGMGXFNWASKGZ4.SEARCH&ppt=None&ppn=None&ssid=t0k93fbs2o0000001750838295145&qH=312f91285e048e09,4.4,218,25-06-2025,No
"Lenovo LOQ Essential Intel Core i7 12th Gen 12650HX - (12 GB/512 GB SSD/Windows 11 Home/6 GB Graphics/NVIDIA GeForce RTX 4050/144 Hz) LOQ 15IAX9E Gaming Laptop  (15.6 Inch, Luna Grey, 1.77 Kg)",69990,95090,69990,https://www.flipkart.com/lenovo-loq-essential-intel-core-i7-12th-gen-12650hx-12-gb-512-gb-ssd-windows-11-home-6-graphics-nvidia-geforce-rtx-4050-144-hz-15iax9e-gaming-laptop/p/itm04eb1d3fb53f5?pid=COMHAQ3VKEQ6F7HU&lid=LSTCOMHAQ3VKEQ6F7HUQXEPU3&marketplace=FLIPKART&q=laptop&store=6bo%2Fb5g&srno=s_3_70&otracker=search&otracker1=search&fm=organic&iid=f9b4699c-c4bb-4b6b-84cd-fc1f4289e66a.COMHAQ3VKEQ6F7HU.SEARCH&ppt=None&ppn=None&ssid=t0k93fbs2o0000001750838295145&qH=312f91285e048e09,4.2,9,25-06-2025,No
"ASUS Chromebook Intel Celeron Dual Core N4500 - (4 GB/64 GB EMMC Storage/Chrome OS) CX1500CKA-NJ0393 Chromebook  (15.6 Inch, Transparent Silver, 1.80 Kg)",14990,32990,14990,https://www.flipkart.com/asus-chromebook-intel-celeron-dual-core-n4500-4-gb-64-gb-emmc-storage-chrome-os-cx1500cka-nj0393/p/itmc1d20ec9ce589?pid=COMGSHM3XESWZ6AT&lid=LSTCOMGSHM3XESWZ6ATVEMMNA&marketplace=FLIPKART&q=laptop&store=6bo%2Fb5g&srno=s_3_72&otracker=search&otracker1=search&fm=organic&iid=en_wzZejQ-FeUlGsHeIFJVtfkRygx2hrVe05UnTR8JZNxMo4A0GFBcvSl7FVv-r1L4GyCmH4tFOkEbD1hJBbQ0WLaV8WX5krIChubBlraAu4CQ%3D&ppt=None&ppn=None&ssid=t0k93fbs2o0000001750838295145&qH=312f91285e048e09,3.8,231,25-06-2025,No
"Acer Aspire 7 Intel Core i5 13th Gen 13420H - (16 GB/512 GB SSD/Windows 11 Home/4 GB Graphics/NVIDIA GeForce RTX 2050) A715-79G Gaming Laptop  (15.6 Inch, Black, 1.99 Kg)",54990,84999,54990,https://www.flipkart.com/acer-aspire-7-intel-core-i5-13th-gen-13420h-16-gb-512-gb-ssd-windows-11-home-4-graphics-nvidia-geforce-rtx-2050-a715-79g-gaming-laptop/p/itm8208102c97f99?pid=COMH3G96J7CE6ZPH&lid=LSTCOMH3G96J7CE6ZPHSFRCM4&marketplace=FLIPKART&q=laptop&store=6bo%2Fb5g&srno=s_4_73&otracker=search&otracker1=search&fm=organic&iid=e878bae8-4128-4f3b-b8af-3601e7bb2006.COMH3G96J7CE6ZPH.SEARCH&ppt=None&ppn=None&ssid=856bhnevk00000001750838295705&qH=312f91285e048e09,4.3,161,25-06-2025,No
"Acer Predator Helios Neo 16 Intel Core i7 14th Gen 14700HX - (16 GB/1 TB SSD/Windows 11 Home/6 GB Graphics/NVIDIA GeForce RTX 4050) PHN16-72-77GZ Gaming Laptop  (16 Inch, Abyssal Black, 2.8 Kg)",99990,142999,99990,https://www.flipkart.com/acer-predator-helios-neo-16-intel-core-i7-14th-gen-14700hx-16-gb-1-tb-ssd-windows-11-home-6-gb-graphics-nvidia-geforce-rtx-4050-phn16-72-77gz-gaming-laptop/p/itm34f68c296ce65?pid=COMGZKFB3ZTQGRT4&lid=LSTCOMGZKFB3ZTQGRT4YMVGPV&marketplace=FLIPKART&q=laptop&store=6bo%2Fb5g&srno=s_4_76&otracker=search&otracker1=search&fm=organic&iid=e878bae8-4128-4f3b-b8af-3601e7bb2006.COMGZKFB3ZTQGRT4.SEARCH&ppt=None&ppn=None&ssid=856bhnevk00000001750838295705&qH=312f91285e048e09,4.5,43,25-06-2025,No
"ASUS Vivobook Go 15 AMD Ryzen 3 Quad Core 7320U - (8 GB/512 GB SSD/Windows 11 Home) E1504FA-NJ321WS Thin and Light Laptop  (15.6 Inch, Silver, 1.63 Kg, With MS Office)",30990,50990,30990,https://www.flipkart.com/asus-vivobook-go-15-amd-ryzen-3-quad-core-7320u-8-gb-512-gb-ssd-windows-11-home-e1504fa-nj321ws-thin-light-laptop/p/itmf2da9c7085e1b?pid=COMGNRNUUGYRB96A&lid=LSTCOMGNRNUUGYRB96AXULOGS&marketplace=FLIPKART&q=laptop&store=6bo%2Fb5g&srno=s_4_79&otracker=search&otracker1=search&fm=organic&iid=e878bae8-4128-4f3b-b8af-3601e7bb2006.COMGNRNUUGYRB96A.SEARCH&ppt=None&ppn=None&ssid=856bhnevk00000001750838295705&qH=312f91285e048e09,4.3,302,25-06-2025,No
"Acer Aspire 3 Intel Celeron Dual Core N4500 - (8 GB/256 GB SSD/Windows 11 Home) A324-45 Thin and Light Laptop  (14 Inch, Pure Silver, 1.3 Kg)",20490,29999,20490,https://www.flipkart.com/acer-aspire-3-intel-celeron-dual-core-n4500-8-gb-256-gb-ssd-windows-11-home-a324-45-thin-light-laptop/p/itmbbfe217e40d59?pid=COMHFZYZHA5YJHS3&lid=LSTCOMHFZYZHA5YJHS30OEKLM&marketplace=FLIPKART&q=laptop&store=6bo%2Fb5g&srno=s_4_80&otracker=search&otracker1=search&fm=organic&iid=e878bae8-4128-4f3b-b8af-3601e7bb2006.COMHFZYZHA5YJHS3.SEARCH&ppt=None&ppn=None&ssid=856bhnevk00000001750838295705&qH=312f91285e048e09,4,106,25-06-2025,No
"Lenovo Chromebook MediaTek Kompanio 520 - (4 GB/128 GB EMMC Storage/Chrome OS) 14M868 Chromebook  (14 Inch, Abyss Blue, 1.3 Kg)",14990,28690,25000,https://www.flipkart.com/lenovo-chromebook-mediatek-kompanio-520-4-gb-128-gb-emmc-storage-chrome-os-14m868/p/itm4dc67999fe3de?pid=COMGSYYSHRSUEGMG&lid=LSTCOMGSYYSHRSUEGMGL82DZU&marketplace=FLIPKART&q=laptop&store=6bo%2Fb5g&srno=s_4_81&otracker=search&otracker1=search&fm=organic&iid=en_XWeMDXGdpaqyhXbaOv3VH6sgxDA7MeBE3J-WTWnwyv9THkarOWqsoGQ3x0sK2soDKmhnppSr0CzBxnCrKQGCVvUFjCTyOHoHZs-Z5_PS_w0%3D&ppt=None&ppn=None&ssid=856bhnevk00000001750838295705&qH=312f91285e048e09,3.8,187,25-06-2025,Yes
"Acer Nitro V AMD Ryzen 5 Hexa Core 7535HS - (16 GB/512 GB SSD/Windows 11 Home/6 GB Graphics/NVIDIA GeForce RTX 3050) ANV15-41 Gaming Laptop  (15.6 Inch, Obsidian Black, 2.1 Kg)",57990,85999,57990,https://www.flipkart.com/acer-nitro-v-amd-ryzen-5-hexa-core-7535hs-16-gb-512-gb-ssd-windows-11-home-6-graphics-nvidia-geforce-rtx-3050-anv15-41-gaming-laptop/p/itm6491e522f1157?pid=COMGZN7ZYP8MDPHR&lid=LSTCOMGZN7ZYP8MDPHRDVIR0H&marketplace=FLIPKART&q=laptop&store=6bo%2Fb5g&srno=s_4_82&otracker=search&otracker1=search&fm=organic&iid=en_XWeMDXGdpaqyhXbaOv3VH6sgxDA7MeBE3J-WTWnwyv-vTyXNTP-P3i05HFkRy5X21toAk6eRF0b3dHWFCl69JPUFjCTyOHoHZs-Z5_PS_w0%3D&ppt=None&ppn=None&ssid=856bhnevk00000001750838295705&qH=312f91285e048e09,4.4,49,25-06-2025,No
"HP AMD Ryzen 5 Quad Core 7520U - (16 GB/512 GB SSD/Windows 11 Home) 15-fc0156AU Thin and Light Laptop  (15.6 Inch, Natural Silver, 1.59 Kg, With MS Office)",40990,56831,40990,https://www.flipkart.com/hp-amd-ryzen-5-quad-core-7520u-16-gb-512-gb-ssd-windows-11-home-15-fc0156au-thin-light-laptop/p/itm84a68fe7b6015?pid=COMH4N76ZS7U93JE&lid=LSTCOMH4N76ZS7U93JEON3TMR&marketplace=FLIPKART&q=laptop&store=6bo%2Fb5g&srno=s_4_83&otracker=search&otracker1=search&fm=organic&iid=e878bae8-4128-4f3b-b8af-3601e7bb2006.COMH4N76ZS7U93JE.SEARCH&ppt=None&ppn=None&ssid=856bhnevk00000001750838295705&qH=312f91285e048e09,4,13,25-06-2025,No
"ASUS Vivobook Go 15 OLED AMD Ryzen 5 Quad Core 7520U - (8 GB/512 GB SSD/Windows 11 Home) E1504FA-LK523WS Thin and Light Laptop  (15.6 Inch, Green Grey, 1.63 Kg, With MS Office)",41990,74990,41990,https://www.flipkart.com/asus-vivobook-go-15-oled-amd-ryzen-5-quad-core-7520u-8-gb-512-gb-ssd-windows-11-home-e1504fa-lk523ws-thin-light-laptop/p/itm3de88f71e558b?pid=COMGMGXFTYZZUJYW&lid=LSTCOMGMGXFTYZZUJYWWP4BBQ&marketplace=FLIPKART&q=laptop&store=6bo%2Fb5g&srno=s_4_84&otracker=search&otracker1=search&fm=organic&iid=e878bae8-4128-4f3b-b8af-3601e7bb2006.COMGMGXFTYZZUJYW.SEARCH&ppt=None&ppn=None&ssid=856bhnevk00000001750838295705&qH=312f91285e048e09,4.4,218,25-06-2025,No
"ASUS Expertbook P3 Intel Core i5 13th Gen 13420H - (16 GB/512 GB SSD/Windows 11 Home) P3405CVA-LY0015WS Thin and Light Laptop  (14 Inch, Misty Grey, 1.42 Kg, With MS Office)",60990,95990,80990,https://www.flipkart.com/asus-expertbook-p3-intel-core-i5-13th-gen-13420h-16-gb-512-gb-ssd-windows-11-home-p3405cva-ly0015ws-thin-light-laptop/p/itm09459c3a8fab7?pid=COMHB7VNHHRQYPFJ&lid=LSTCOMHB7VNHHRQYPFJ6FCSRI&marketplace=FLIPKART&q=laptop&store=6bo%2Fb5g&srno=s_4_90&otracker=search&otracker1=search&fm=organic&iid=e878bae8-4128-4f3b-b8af-3601e7bb2006.COMHB7VNHHRQYPFJ.SEARCH&ppt=None&ppn=None&ssid=856bhnevk00000001750838295705&qH=312f91285e048e09,3.8,1,25-06-2025,Yes
"ASUS TUF Gaming A15 AMD Ryzen 5 Hexa Core 7535HS - (8 GB/512 GB SSD/Windows 11 Pro/4 GB Graphics/NVIDIA GeForce RTX 2050) FA506NF-HN578W Gaming Laptop  (15.6 Inch, Graphite Black, 2.30 Kg)",55990,70990,55990,https://www.flipkart.com/asus-tuf-gaming-a15-amd-ryzen-5-hexa-core-7535hs-8-gb-512-gb-ssd-windows-11-pro-4-graphics-nvidia-geforce-rtx-2050-fa506nf-hn578w-laptop/p/itm10514ecd2a794?pid=COMH3BGBNJYFUAMQ&lid=LSTCOMH3BGBNJYFUAMQ8EVOYX&marketplace=FLIPKART&q=laptop&store=6bo%2Fb5g&srno=s_4_92&otracker=search&otracker1=search&fm=organic&iid=en_XWeMDXGdpaqyhXbaOv3VH6sgxDA7MeBE3J-WTWnwyv8fhdQQuQnVEfgkG9uGUx32oIW75FC8EYtHSTGac3BHxvUFjCTyOHoHZs-Z5_PS_w0%3D&ppt=None&ppn=None&ssid=856bhnevk00000001750838295705&qH=312f91285e048e09,4.2,1,25-06-2025,No
"HP Victus AMD Ryzen 9 Octa Core 8945HS - (16 GB/1 TB SSD/Windows 11 Home/8 GB Graphics/NVIDIA GeForce RTX 4060) 15-fb3025AX Gaming Laptop  (15.6 Inch, Performance Blue, Chrome Logo, 2.29 Kg, With MS Office)",98990,124319,98990,https://www.flipkart.com/hp-victus-amd-ryzen-9-octa-core-8945hs-16-gb-1-tb-ssd-windows-11-home-8-gb-graphics-nvidia-geforce-rtx-4060-15-fb3025ax-gaming-laptop/p/itmd4c2a449e9192?pid=COMHAGF2SNNEQFWH&lid=LSTCOMHAGF2SNNEQFWHSULND3&marketplace=FLIPKART&q=laptop&store=6bo%2Fb5g&srno=s_4_93&otracker=search&otracker1=search&fm=organic&iid=e878bae8-4128-4f3b-b8af-3601e7bb2006.COMHAGF2SNNEQFWH.SEARCH&ppt=None&ppn=None&ssid=856bhnevk00000001750838295705&qH=312f91285e048e09,3.6,1,25-06-2025,No
"Lenovo Yoga Slim 7 AI PC Intel Core Ultra 5 125H - (16 GB/512 GB SSD/Windows 11 Home) 14IMH9 Thin and Light Laptop  (14 Inch, Luna Grey, 1.39 Kg, With MS Office)",76990,125890,76990,https://www.flipkart.com/lenovo-yoga-slim-7-ai-pc-intel-core-ultra-5-125h-16-gb-512-gb-ssd-windows-11-home-14imh9-thin-light-laptop/p/itm77304edff3814?pid=COMH3FFPG5KG2XZJ&lid=LSTCOMH3FFPG5KG2XZJUG3D93&marketplace=FLIPKART&q=laptop&store=6bo%2Fb5g&srno=s_4_94&otracker=search&otracker1=search&fm=organic&iid=e878bae8-4128-4f3b-b8af-3601e7bb2006.COMH3FFPG5KG2XZJ.SEARCH&ppt=None&ppn=None&ssid=856bhnevk00000001750838295705&qH=312f91285e048e09,4.3,8,25-06-2025,No
"Lenovo IdeaPad 1 AMD Ryzen 7 Octa Core 5700U - (16 GB/512 GB SSD/Windows 11 Home) 15ALC7 Thin and Light Laptop  (15.6 inch, Cloud Grey, 1.61 kg, With MS Office)",43100,71290,43100,https://www.flipkart.com/lenovo-ideapad-1-amd-ryzen-7-octa-core-5700u-16-gb-512-gb-ssd-windows-11-home-15alc7-thin-light-laptop/p/itmd44c92b46b181?pid=COMHYG8ZDVPTUYYB&lid=LSTCOMHYG8ZDVPTUYYBQHTHWS&marketplace=FLIPKART&q=laptop&store=6bo%2Fb5g&srno=s_4_95&otracker=search&otracker1=search&fm=organic&iid=e878bae8-4128-4f3b-b8af-3601e7bb2006.COMHYG8ZDVPTUYYB.SEARCH&ppt=None&ppn=None&ssid=856bhnevk00000001750838295705&qH=312f91285e048e09,4.2,32,25-06-2025,No
"Lenovo V 15 (2025) Intel Celeron Dual Core N4500 - (8 GB/256 GB SSD/Windows 11 Pro) V 15 Thin and Light Laptop  (15.6 inch, Smoky Black, 1.5 kg, With MS Office)",21240,48990,21240,https://www.flipkart.com/lenovo-v-15-2025-intel-celeron-dual-core-n4500-8-gb-256-gb-ssd-windows-11-pro-thin-light-laptop/p/itm8a5bab8986d9b?pid=COMH9XVSGC7SJFUH&lid=LSTCOMH9XVSGC7SJFUH8QJ3YT&marketplace=FLIPKART&q=laptop&store=6bo%2Fb5g&srno=s_4_96&otracker=search&otracker1=search&fm=organic&iid=e878bae8-4128-4f3b-b8af-3601e7bb2006.COMH9XVSGC7SJFUH.SEARCH&ppt=None&ppn=None&ssid=856bhnevk00000001750838295705&qH=312f91285e048e09,3.5,1,25-06-2025,No
"Lenovo Chromebook Duet 11M889 MediaTek MediaTek Kompanio 838 - (8 GB/128 GB EMMC Storage/Chrome OS) Chromebook Duet 11M889 Chromebook  (27.81 cm, Luna Grey, 1.101 Kg)",19990,37690,29990,https://www.flipkart.com/lenovo-chromebook-duet-11m889-mediatek-kompanio-838-8-gb-128-gb-emmc-storage-chrome-os/p/itm72d2780c3a298?pid=COMHBCAFZGVNEDTK&lid=LSTCOMHBCAFZGVNEDTKEKGN3G&marketplace=FLIPKART&q=laptop&store=6bo%2Fb5g&srno=s_5_98&otracker=search&otracker1=search&fm=organic&iid=en_NO9sty7ViRstDGZgJuQX33-ueuFB8U7r8eomWla6yy8LRJaCgMIawuPMMDP0OSSkA6YkzRKUXRTZigAqYVGCgEhz9c-MSIoFe8xMxkfU6dM%3D&ppt=None&ppn=None&ssid=nj9pl71pmo0000001750838296291&qH=312f91285e048e09,4.4,,25-06-2025,Yes
"HP AMD Ryzen 5 Quad Core 7520U - (8 GB/512 GB SSD/Windows 11 Home) 15-fc0155AU Thin and Light Laptop  (15.6 Inch, Natural Silver, 1.59 Kg, With MS Office)",37990,53413,36990,https://www.flipkart.com/hp-amd-ryzen-5-quad-core-7520u-8-gb-512-gb-ssd-windows-11-home-15-fc0155au-thin-light-laptop/p/itmd9ac5762d7458?pid=COMH4N767SJX8MZV&lid=LSTCOMH4N767SJX8MZV5TFKRQ&marketplace=FLIPKART&q=laptop&store=6bo%2Fb5g&srno=s_5_99&otracker=search&otracker1=search&fm=organic&iid=84fa50f6-50cb-4c6c-9256-0951e6750083.COMH4N767SJX8MZV.SEARCH&ppt=None&ppn=None&ssid=nj9pl71pmo0000001750838296291&qH=312f91285e048e09,3.9,4,25-06-2025,No
"HP Chromebook Intel Celeron Dual Core N4120 - (4 GB/64 GB EMMC Storage/Chrome OS) 14a-ca0506TU Chromebook  (14 Inch, Mineral Silver, 1.49 Kg)",17990,32295,17990,https://www.flipkart.com/hp-chromebook-intel-celeron-dual-core-n4120-4-gb-64-gb-emmc-storage-chrome-os-14a-ca0506tu/p/itmb2e03ff1f9366?pid=COMGBHKFAYHEMVAT&lid=LSTCOMGBHKFAYHEMVATTMWBVX&marketplace=FLIPKART&q=laptop&store=6bo%2Fb5g&srno=s_5_101&otracker=search&otracker1=search&fm=organic&iid=en_NO9sty7ViRstDGZgJuQX33-ueuFB8U7r8eomWla6yy8elwsjSl3Jzgj8kM3YT2ZjSmmsZyue0rNxACuj6pbKYfUFjCTyOHoHZs-Z5_PS_w0%3D&ppt=None&ppn=None&ssid=nj9pl71pmo0000001750838296291&qH=312f91285e048e09,3.9,155,25-06-2025,No
"HP Laptop Intel Core i3 13th Gen 1315U - (8 GB/512 GB SSD/Windows 11 Home) 15-fd0129TU Thin and Light Laptop  (15.6 inch, Natural Silver, 1.59 kg, With MS Office)",36990,50903,36990,https://www.flipkart.com/hp-laptop-intel-core-i3-13th-gen-1315u-8-gb-512-gb-ssd-windows-11-home-15-fd0129tu-thin-light/p/itmcf7c16556a324?pid=COMHF6WAGPZCBQVZ&lid=LSTCOMHF6WAGPZCBQVZPP4MLX&marketplace=FLIPKART&q=laptop&store=6bo%2Fb5g&srno=s_5_104&otracker=search&otracker1=search&fm=organic&iid=84fa50f6-50cb-4c6c-9256-0951e6750083.COMHF6WAGPZCBQVZ.SEARCH&ppt=None&ppn=None&ssid=nj9pl71pmo0000001750838296291&qH=312f91285e048e09,3.9,12,25-06-2025,No
"Lenovo V 14 (2025) Intel Core i5 12th Gen 1235U - (16 GB/512 GB SSD/Windows 11 Home) V 14 Thin and Light Laptop  (14 inch, Iron Gray, 1.5 kg, With MS Office)",52555,89831,52555,https://www.flipkart.com/lenovo-v-14-2025-intel-core-i5-12th-gen-1235u-16-gb-512-gb-ssd-windows-11-home-thin-light-laptop/p/itm06121c218e9d8?pid=COMH96WZ87KS36TT&lid=LSTCOMH96WZ87KS36TT10FFZN&marketplace=FLIPKART&q=laptop&store=6bo%2Fb5g&srno=s_5_105&otracker=search&otracker1=search&fm=organic&iid=84fa50f6-50cb-4c6c-9256-0951e6750083.COMH96WZ87KS36TT.SEARCH&ppt=None&ppn=None&ssid=nj9pl71pmo0000001750838296291&qH=312f91285e048e09,4.1,16,25-06-2025,No
"Acer Aspire Intel Core i5 12th Gen 12450H - (16 GB/512 GB SSD/Windows 11 Home) AL15-52H Thin and Light Laptop  (15.6 inch, Pure Silver, 1.70 kg)",45990,56990,,https://www.flipkart.com/acer-aspire-intel-core-i5-12th-gen-12450h-16-gb-512-gb-ssd-windows-11-home-al15-52h-thin-light-laptop/p/itmc262e2fa338ce?pid=COMH59E4SZYVDQUU&lid=LSTCOMH59E4SZYVDQUU1KQHXN&marketplace=FLIPKART&q=laptop&store=6bo%2Fb5g&srno=s_5_106&otracker=search&otracker1=search&fm=organic&iid=84fa50f6-50cb-4c6c-9256-0951e6750083.COMH59E4SZYVDQUU.SEARCH&ppt=None&ppn=None&ssid=nj9pl71pmo0000001750838296291&qH=312f91285e048e09,4.1,77,25-06-2025,No
"HP Intel Core N N200 - (8 GB/128 GB/Chrome OS) 14a-nf0016TU Chromebook  (14 Inch, Glacier Silver, 1.45 Kg)",28990,42419,28990,https://www.flipkart.com/hp-intel-core-n-n200-8-gb-128-gb-chrome-os-14a-nf0016tu-chromebook/p/itm8b58b407a722f?pid=COMH2V5YQA4DCEGK&lid=LSTCOMH2V5YQA4DCEGKWBVN9P&marketplace=FLIPKART&q=laptop&store=6bo%2Fb5g&srno=s_5_107&otracker=search&otracker1=search&fm=organic&iid=en_NO9sty7ViRstDGZgJuQX33-ueuFB8U7r8eomWla6yy_PxifPkVcEUuLukgrP9DVVddt2-6jd7zetopnimXQdLdmEaX_1OVaDgohoY5ZV-y8%3D&ppt=None&ppn=None&ssid=nj9pl71pmo0000001750838296291&qH=312f91285e048e09,4.6,,25-06-2025,No
"ASUS Expertbook P1 Intel Core i3 13th Gen 1315U - (16 GB/512 GB SSD/Windows 11 Home) P1403CVA-S60938WS Thin and Light Laptop  (14 inch, Misty Grey, 1.4 Kg, With MS Office)",38990,74990,38990,https://www.flipkart.com/asus-expertbook-p1-intel-core-i3-13th-gen-1315u-16-gb-512-gb-ssd-windows-11-home-p1403cva-s60938ws-thin-light-laptop/p/itm0af4b81838b5b?pid=COMH8Z2QAWCCUCSP&lid=LSTCOMH8Z2QAWCCUCSPPZPFKG&marketplace=FLIPKART&q=laptop&store=6bo%2Fb5g&srno=s_5_108&otracker=search&otracker1=search&fm=organic&iid=84fa50f6-50cb-4c6c-9256-0951e6750083.COMH8Z2QAWCCUCSP.SEARCH&ppt=None&ppn=None&ssid=nj9pl71pmo0000001750838296291&qH=312f91285e048e09,4.1,42,25-06-2025,No
"ASUS Vivobook 15 Intel Core i5 12th Gen 1235U - (16 GB/512 GB SSD/Windows 11 Home) X1504ZA-NJ549WS Thin and Light Laptop  (15.6 Inch, Quiet Blue, 1.70 kg, With MS Office)",44990,66990,44990,https://www.flipkart.com/asus-vivobook-15-intel-core-i5-12th-gen-1235u-16-gb-512-gb-ssd-windows-11-home-x1504za-nj549ws-thin-light-laptop/p/itmff0e170cb596e?pid=COMHYG8ZPYAZAFTY&lid=LSTCOMHYG8ZPYAZAFTYUFI8OO&marketplace=FLIPKART&q=laptop&store=6bo%2Fb5g&srno=s_5_110&otracker=search&otracker1=search&fm=organic&iid=84fa50f6-50cb-4c6c-9256-0951e6750083.COMHYG8ZPYAZAFTY.SEARCH&ppt=None&ppn=None&ssid=nj9pl71pmo0000001750838296291&qH=312f91285e048e09,4.2,453,25-06-2025,No
"ASUS Vivobook 16 (2025), Copilot + PC with Office 2024 + M365 Basic*, AI PC Qualcomm Snapdragon X - (16 GB/512 GB SSD/Windows 11 Home) X1607QA-MB049WS Thin and Light Laptop  (16 Inch, Quiet Blue, 1.88 Kg, With MS Office)",59990,84990,59990,https://www.flipkart.com/asus-vivobook-16-2025-copilot-pc-office-2024-m365-basic-ai-qualcomm-snapdragon-x-16-gb-512-gb-ssd-windows-11-home-x1607qa-mb049ws-thin-light-laptop/p/itmaff92a0acb4ff?pid=COMH9EVGZHTHHPFH&lid=LSTCOMH9EVGZHTHHPFHLX91AF&marketplace=FLIPKART&q=laptop&store=6bo%2Fb5g&srno=s_5_111&otracker=search&otracker1=search&fm=organic&iid=en_NO9sty7ViRstDGZgJuQX33-ueuFB8U7r8eomWla6yy9U1eEO-9Hzff7X0WUBKKV3jMCNYAZWpfMCTcBsWRD9Z_UFjCTyOHoHZs-Z5_PS_w0%3D&ppt=None&ppn=None&ssid=nj9pl71pmo0000001750838296291&qH=312f91285e048e09,4.1,5,25-06-2025,No
"ASUS TUF Gaming A15 AMD Ryzen 5 Hexa Core 7535HS - (16 GB/512 GB SSD/Windows 11 Home/4 GB Graphics/NVIDIA GeForce RTX 3050) FA506NC-HN083W Gaming Laptop  (15.6 Inch, Graphite Black, 2.30 Kg)",59990,79990,59990,https://www.flipkart.com/asus-tuf-gaming-a15-amd-ryzen-5-hexa-core-7535hs-16-gb-512-gb-ssd-windows-11-home-4-graphics-nvidia-geforce-rtx-3050-fa506nc-hn083w-laptop/p/itm10514ecd2a794?pid=COMHFK2T3KCHKAFU&lid=LSTCOMHFK2T3KCHKAFUOEIOAP&marketplace=FLIPKART&q=laptop&store=6bo%2Fb5g&srno=s_5_112&otracker=search&otracker1=search&fm=organic&iid=en_NO9sty7ViRstDGZgJuQX33-ueuFB8U7r8eomWla6yy-Cn3ExZ5-NJnWZ856qKOrKftCa0NVPbYwAWnJ-fIJO5vUFjCTyOHoHZs-Z5_PS_w0%3D&ppt=None&ppn=None&ssid=nj9pl71pmo0000001750838296291&qH=312f91285e048e09,4.4,52,25-06-2025,No
"ASUS Vivobook Go 14 (2025) with Office 2024 + M365 Basic* AMD Ryzen 3 Quad Core 7320U - (8 GB/512 GB SSD/Windows 11 Home) E1404FA-NK3321WS Thin and Light Laptop  (14 inch, Cool Silver, 1.38 Kg, With MS Office)",31990,43990,31990,https://www.flipkart.com/asus-vivobook-go-14-2025-office-2024-m365-basic-amd-ryzen-3-quad-core-7320u-8-gb-512-gb-ssd-windows-11-home-e1404fa-nk3321ws-thin-light-laptop/p/itm1472d87e3ca55?pid=COMH9SJ9YXA8RGGT&lid=LSTCOMH9SJ9YXA8RGGTTIESJR&marketplace=FLIPKART&q=laptop&store=6bo%2Fb5g&srno=s_5_114&otracker=search&otracker1=search&fm=organic&iid=84fa50f6-50cb-4c6c-9256-0951e6750083.COMH9SJ9YXA8RGGT.SEARCH&ppt=None&ppn=None&ssid=nj9pl71pmo0000001750838296291&qH=312f91285e048e09,4.2,242,25-06-2025,No
"Lenovo V15 AMD Ryzen 5 Quad Core 7520U - (16 GB/512 GB SSD/Windows 11 Home) V15 Thin and Light Laptop  (15.6 Inch, Iron Grey, 1.62 Kg)",34990,60000,34990,https://www.flipkart.com/lenovo-v15-amd-ryzen-5-quad-core-7520u-16-gb-512-gb-ssd-windows-11-home-thin-light-laptop/p/itmd7282dfaeb5de?pid=COMHATEAHZYGZ6KF&lid=LSTCOMHATEAHZYGZ6KFSD1KTA&marketplace=FLIPKART&q=laptop&store=6bo%2Fb5g&srno=s_5_115&otracker=search&otracker1=search&fm=organic&iid=84fa50f6-50cb-4c6c-9256-0951e6750083.COMHATEAHZYGZ6KF.SEARCH&ppt=None&ppn=None&ssid=nj9pl71pmo0000001750838296291&qH=312f91285e048e09,4.2,133,25-06-2025,No
"ASUS ExpertBook B14 Intel Core i3 12th Gen 1215U - (8 GB/512 GB SSD/Windows 11 Home) B1402CBA-NK1494WS Thin and Light Laptop  (14 Inch, Star Black, 1.49 Kg, With MS Office)",30990,50990,30990,https://www.flipkart.com/asus-expertbook-b14-intel-core-i3-12th-gen-1215u-8-gb-512-gb-ssd-windows-11-home-b1402cba-nk1494ws-thin-light-laptop/p/itm5558ba4200e57?pid=COMGZF9EYUYC52BH&lid=LSTCOMGZF9EYUYC52BHIWCC5H&marketplace=FLIPKART&q=laptop&store=6bo%2Fb5g&srno=s_5_116&otracker=search&otracker1=search&fm=organic&iid=84fa50f6-50cb-4c6c-9256-0951e6750083.COMGZF9EYUYC52BH.SEARCH&ppt=None&ppn=None&ssid=nj9pl71pmo0000001750838296291&qH=312f91285e048e09,4.3,36,25-06-2025,No
"HP Chromebook Intel Celeron Quad Core N4120 - (4 GB/64 GB EMMC Storage/Chrome OS) 14a-ca0504TU Chromebook  (14 Inch, Forest Teal, 1.49 Kg)",17990,32279,17990,https://www.flipkart.com/hp-chromebook-intel-celeron-quad-core-n4120-4-gb-64-gb-emmc-storage-chrome-os-14a-ca0504tu/p/itm786e711f402fa?pid=COMGBHKF9E65BFZP&lid=LSTCOMGBHKF9E65BFZP5UAU9E&marketplace=FLIPKART&q=laptop&store=6bo%2Fb5g&srno=s_5_118&otracker=search&otracker1=search&fm=organic&iid=en_NO9sty7ViRstDGZgJuQX33-ueuFB8U7r8eomWla6yy8w_gGMD21xXcUIMVX6TT1R8HP3QXtZJQaMh4HW-UpBR_UFjCTyOHoHZs-Z5_PS_w0%3D&ppt=None&ppn=None&ssid=nj9pl71pmo0000001750838296291&qH=312f91285e048e09,4.1,150,25-06-2025,No
"DELL 15 Intel Core i3 12th Gen 1215U - (8 GB/512 GB SSD/Windows 11 Home) 3520 Thin and Light Laptop  (15.6 inch, Carbon Black, 1.69 Kg, With MS Office)",32990,44861,32990,https://www.flipkart.com/dell-15-intel-core-i3-12th-gen-1215u-8-gb-512-gb-ssd-windows-11-home-3520-thin-light-laptop/p/itm5d692e615c97e?pid=COMH2F22XWP7DQFM&lid=LSTCOMH2F22XWP7DQFMJYD9JY&marketplace=FLIPKART&q=laptop&store=6bo%2Fb5g&srno=s_5_119&otracker=search&otracker1=search&fm=organic&iid=84fa50f6-50cb-4c6c-9256-0951e6750083.COMH2F22XWP7DQFM.SEARCH&ppt=None&ppn=None&ssid=nj9pl71pmo0000001750838296291&qH=312f91285e048e09,4.2,53,25-06-2025,No
"DELL Latitude 3440 (2024) Intel Core i3 12th Gen 1215U - (16 GB/512 GB SSD/Windows 11 Pro) Latitude 3440 Business Laptop  (14 inch, Grey, 1.5 kg, With MS Office)",31770,69990,31770,https://www.flipkart.com/dell-latitude-3440-2024-intel-core-i3-12th-gen-1215u-16-gb-512-gb-ssd-windows-11-pro-business-laptop/p/itm7f265faf0871e?pid=COMH5G3GQ23N4AGB&lid=LSTCOMH5G3GQ23N4AGBGJDXKW&marketplace=FLIPKART&q=laptop&store=6bo%2Fb5g&srno=s_5_120&otracker=search&otracker1=search&fm=organic&iid=84fa50f6-50cb-4c6c-9256-0951e6750083.COMH5G3GQ23N4AGB.SEARCH&ppt=None&ppn=None&ssid=nj9pl71pmo0000001750838296291&qH=312f91285e048e09,4,1,25-06-2025,No
